[
    {
        "content": "check browser setting network website require JavaScript content functionality monetary policy decision involve set target cash rate medium release issue 2.30 pm Reserve Bank Board meeting change cash rate target take effect following day prior December 2007 medium release issue cash rate target change detail cash rate interest rate unsecured overnight loan bank near risk free benchmark rate RFR australian dollar know acronym AONIA financial market detail cash rate determine detail fall procedure insufficient cash market transaction history cash rate cash rate target graph table display datum accord sample period direction change cash rate target select display option Reserve Bank Australia support",
        "metadata": {
            "source": "Google Chrome Bookmark",
            "identifier": "https://www.rba.gov.au/statistics/cash-rate/",
            "location": "Chunk 1"
        }
    },
    {
        "content": "account enter email use .edu email applicable Launch step career hire generation talent bring good job student",
        "metadata": {
            "source": "Google Chrome Bookmark",
            "identifier": "https://uci.joinhandshake.com/login",
            "location": "Chunk 1"
        }
    },
    {
        "content": "ceo Elon Musk blames bit hangover rival discount insist challenge fairly short term earning halve discount price cut pile pressure electric carmaker profit margin Elon Musk company CEO blame bit hangover rival cut price substantially bit difficult Tesla Tesla seek drum interest plan robotaxis artificial intelligence delivery slip amid cool demand production carmaker generation roadster sport car schedule begin year Musk say conference investor Tuesday say shocked Tesla introduce unsupervised self drive software 2025 claim thousand Optimus robot deploy company factory year start manufacture wide use late result underline challenge Tesla face recent month total sale business rise 2 $ 25.5bn late quarter ahead expectation $ 24.8bn Wall Street profit drop 45 $ 1.48bn share Tesla drop 6.9 hour trading New York long term issue Musk say discount electric vehicle market fairly short term Musk world rich man recent week endorse Donald Trump president donate ten million dollar campaign suggest Trump flaw Sunday need administration likely meritocratic promote individual freedom heavy hand government Musk lead SpaceX rocket satellite business control X social network know Twitter declare early month company follow Tesla cite California new law ban school transgender notification requirement reason sign set work day point business news analysis need",
        "metadata": {
            "source": "Google Chrome Bookmark",
            "identifier": "https://www.theguardian.com/business/article/2024/jul/23/tesla-quarterly-earnings-elon-musk",
            "location": "Chunk 1"
        }
    },
    {
        "content": "X social network know Twitter declare early month company follow Tesla cite California new law ban school transgender notification requirement reason sign set work day point business news analysis need morning newsletter promotion Shareholders Tesla base Austin Musk June follow fiercely contest referendum leadership Dan Ives analyst Wedbush say ahead Tesla late result company clear momentum track come quarter build production annual rate 2 million vehicle cite stabilization worldwide demand",
        "metadata": {
            "source": "Google Chrome Bookmark",
            "identifier": "https://www.theguardian.com/business/article/2024/jul/23/tesla-quarterly-earnings-elon-musk",
            "location": "Chunk 2"
        }
    },
    {
        "content": "UCI International Center G302 UCI Student Center Irvine 92697 5255 949 824 7249",
        "metadata": {
            "source": "Google Chrome Bookmark",
            "identifier": "https://ic.uci.edu/welcome-students/students-new-students/",
            "location": "Chunk 1"
        }
    },
    {
        "content": "Loading Loading student Faculty Campus Staff account create automatically UCInetID SSO button affiliate Guests",
        "metadata": {
            "source": "Google Chrome Bookmark",
            "identifier": "https://campusgroups.uci.edu/login_only?redirect=events",
            "location": "Chunk 1"
        }
    },
    {
        "content": "Loading login session information browser browser support JavaScript press Continue button proceed",
        "metadata": {
            "source": "Google Chrome Bookmark",
            "identifier": "https://shib.service.uci.edu/idp/profile/SAML2/Redirect/SSO?execution=e1s1",
            "location": "Chunk 1"
        }
    },
    {
        "content": "Loading login session information browser browser support JavaScript press Continue button proceed",
        "metadata": {
            "source": "Google Chrome Bookmark",
            "identifier": "https://shib.service.uci.edu/idp/profile/SAML2/Redirect/SSO?execution=e1s1",
            "location": "Chunk 1"
        }
    }
]